From;To;Type;Through;start_x;start_y;stop_x;stop_y;adjacency_rule_name;Comment

7153;5407;impassable;-1;2744;1328;2744;1328;;Spanish;Med;Coast;;
9979;5407;impassable;-1;2744;1328;2744;1328;;Spanish;Med;Coast;Malaga;
7068;5407;impassable;-1;2744;1328;2744;1328;;Spanish;Med;Coast;;
10063;5407;impassable;-1;2744;1328;2744;1328;;Spanish;Med;Coast;;
10063;8793;impassable;-1;2744;1328;2744;1328;;Spanish;Med;Coast;;
747;8793;impassable;-1;2744;1328;2744;1328;;Spanish;Med;Coast;;
12038;8793;impassable;-1;2744;1328;2744;1328;;Spanish;Med;Coast;;
12038;5431;impassable;-1;2744;1328;2744;1328;;Spanish;Med;Coast;;
4065;5431;impassable;-1;2744;1328;2744;1328;;Spanish;Med;Coast;;
10109;5431;impassable;-1;2744;1328;2744;1328;;Spanish;Med;Coast;;
10024;5431;impassable;-1;2744;1328;2744;1328;;Spanish;Med;Coast;;
4098;5431;impassable;-1;2744;1328;2744;1328;;Spanish;Med;Coast;;
4098;5454;impassable;-1;2744;1328;2744;1328;;Spanish;Med;Coast;;
962;5454;impassable;-1;2744;1328;2744;1328;;Spanish;Med;Coast;;
6959;5454;impassable;-1;2744;1328;2744;1328;;Spanish;Med;Coast;;
6906;5454;impassable;-1;2744;1328;2744;1328;;Spanish;Med;Coast;Valencia;
9896;5454;impassable;-1;2744;1328;2744;1328;;Spanish;Med;Coast;;
6817;5454;impassable;-1;2744;1328;2744;1328;;Spanish;Med;Coast;;
3873;5454;impassable;-1;2744;1328;2744;1328;;Spanish;Med;Coast;;
3873;8845;impassable;-1;2744;1328;2744;1328;;Spanish;Med;Coast;;
6966;8845;impassable;-1;2744;1328;2744;1328;;Spanish;Med;Coast;;
6812;8845;impassable;-1;2744;1328;2744;1328;;Spanish;Med;Coast;;
9764;8845;impassable;-1;2744;1328;2744;1328;;Spanish;Med;Coast;Barcelona;
854;8845;impassable;-1;2744;1328;2744;1328;;Spanish;Med;Coast;;
854;5505;impassable;-1;2744;1328;2744;1328;;Spanish;Med;Coast;;
6927;5505;impassable;-1;2744;1328;2744;1328;;Spanish;Med;Coast;;
9824;5505;impassable;-1;2744;1328;2744;1328;;Spanish;Med;Coast;;
6756;8592;impassable;-1;2744;1328;2744;1328;;Spanish;North-Atlantic;Coast;;
740;8592;impassable;-1;2744;1328;2744;1328;;Spanish;North-Atlantic;Coast;Bilbao;
11688;8592;impassable;-1;2744;1328;2744;1328;;Spanish;North-Atlantic;Coast;;
11688;5233;impassable;-1;2744;1328;2744;1328;;Spanish;North-Atlantic;Coast;;
9703;5233;impassable;-1;2744;1328;2744;1328;;Spanish;North-Atlantic;Coast;;
6749;5233;impassable;-1;2744;1328;2744;1328;;Spanish;North-Atlantic;Coast;;
11707;5233;impassable;-1;2744;1328;2744;1328;;Spanish;North-Atlantic;Coast;;
11707;8618;impassable;-1;2744;1328;2744;1328;;Spanish;North-Atlantic;Coast;;
13218;8618;impassable;-1;2744;1328;2744;1328;;Spanish;North-Atlantic;Coast;;
9719;8618;impassable;-1;2744;1328;2744;1328;;Spanish;North-Atlantic;Coast;;
6764;8618;impassable;-1;2744;1328;2744;1328;;Spanish;North-Atlantic;Coast;;
3761;8618;impassable;-1;2744;1328;2744;1328;;Spanish;North-Atlantic;Coast;;
3761;5258;impassable;-1;2744;1328;2744;1328;;Spanish;North-Atlantic;Coast;;
758;5258;impassable;-1;2744;1328;2744;1328;;Spanish;North-Atlantic;Coast;;
758;8698;impassable;-1;2744;1328;2744;1328;;Spanish;North-Atlantic;Coast;;
11710;8698;impassable;-1;2744;1328;2744;1328;;Spanish;North-Atlantic;Coast;;
11710;5284;impassable;-1;2744;1328;2744;1328;;Spanish;North-Atlantic;Coast;;
9689;5284;impassable;-1;2744;1328;2744;1328;;Spanish;North-Atlantic;Coast;;
6734;5284;impassable;-1;2744;1328;2744;1328;;Spanish;North-Atlantic;Coast;;
12070;6884;impassable;-1;2744;1328;2744;1328;;Spanish;Gibraltar-Strait;Coast;;
12070;9765;impassable;-1;2744;1328;2744;1328;;Spanish;Gibraltar-Strait;Coast;;
12070;6880;impassable;-1;2744;1328;2744;1328;;Spanish;Gibraltar-Strait;Coast;;
12070;5382;impassable;-1;2744;1328;2744;1328;;Spanish;Gibraltar-Strait;Coast;;
9815;5382;impassable;-1;2744;1328;2744;1328;;Spanish;Gibraltar-Strait;Coast;;
4080;5382;impassable;-1;2744;1328;2744;1328;;Spanish;Gibraltar-Strait;Coast;;
1048;5382;impassable;-1;2744;1328;2744;1328;;Spanish;Gibraltar-Strait;Coast;;

10113;1194;impassable;-1;-1;-1;-1;-1;;SPAIN-AFRICA;;;;
10113;10013;impassable;-1;-1;-1;-1;-1;;SPAIN-AFRICA;;;;
12087;10013;impassable;-1;-1;-1;-1;-1;;SPAIN-AFRICA;;;;
4199;10013;impassable;-1;-1;-1;-1;-1;;SPAIN-AFRICA;;;;
4199;4097;impassable;-1;-1;-1;-1;-1;;SPAIN-AFRICA;;;;
7215;4097;impassable;-1;-1;-1;-1;-1;;SPAIN-AFRICA;;;;
12100;4097;impassable;-1;-1;-1;-1;-1;;SPAIN-AFRICA;;;;
12100;1111;impassable;-1;-1;-1;-1;-1;;SPAIN-AFRICA;;;;
12100;989;impassable;-1;-1;-1;-1;-1;;SPAIN-AFRICA;;;;
12857;7203;impassable;-1;-1;-1;-1;-1;;SPAIN-AFRICA;;;;
12857;5046;impassable;-1;-1;-1;-1;-1;;SPAIN-AFRICA;;;;
8111;5046;impassable;-1;-1;-1;-1;-1;;SPAIN-AFRICA;;;;
4920;5046;impassable;-1;-1;-1;-1;-1;;SPAIN-AFRICA;;;;
10875;7992;impassable;-1;-1;-1;-1;-1;;SPAIN-AFRICA;;;;
8244;5036;impassable;-1;-1;-1;-1;-1;;SPAIN-AFRICA;;;;
8244;2080;impassable;-1;-1;-1;-1;-1;;SPAIN-AFRICA;;;;
8244;10948;impassable;-1;-1;-1;-1;-1;;SPAIN-AFRICA;;;;
8244;5139;impassable;-1;-1;-1;-1;-1;;SPAIN-AFRICA;;;;

11673;6734;impassable;-1;-1;-1;-1;-1;;SPAIN-PORTUGAL;;;;
11673;9686;impassable;-1;-1;-1;-1;-1;;SPAIN-PORTUGAL;;;;
9686;6921;impassable;-1;-1;-1;-1;-1;;SPAIN-PORTUGAL;;;;
6921;11675;impassable;-1;-1;-1;-1;-1;;SPAIN-PORTUGAL;;;;
11675;3892;impassable;-1;-1;-1;-1;-1;;SPAIN-PORTUGAL;;;;
3892;11840;impassable;-1;-1;-1;-1;-1;;SPAIN-PORTUGAL;;;;
3892;3725;impassable;-1;-1;-1;-1;-1;;SPAIN-PORTUGAL;;;;
3892;920;impassable;-1;-1;-1;-1;-1;;SPAIN-PORTUGAL;;;;
877;920;impassable;-1;-1;-1;-1;-1;;SPAIN-PORTUGAL;;;;
877;6907;impassable;-1;-1;-1;-1;-1;;SPAIN-PORTUGAL;;;;
877;874;impassable;-1;-1;-1;-1;-1;;SPAIN-PORTUGAL;;;;
845;874;impassable;-1;-1;-1;-1;-1;;SPAIN-PORTUGAL;;;;
938;874;impassable;-1;-1;-1;-1;-1;;SPAIN-PORTUGAL;;;;
938;9770;impassable;-1;-1;-1;-1;-1;;SPAIN-PORTUGAL;;;;
3969;9770;impassable;-1;-1;-1;-1;-1;;SPAIN-PORTUGAL;;;;
3969;9839;impassable;-1;-1;-1;-1;-1;;SPAIN-PORTUGAL;;;;
3969;9877;impassable;-1;-1;-1;-1;-1;;SPAIN-PORTUGAL;;;;
9877;3926;impassable;-1;-1;-1;-1;-1;;SPAIN-PORTUGAL;;;;
6902;3926;impassable;-1;-1;-1;-1;-1;;SPAIN-PORTUGAL;;;;
6902;3886;impassable;-1;-1;-1;-1;-1;;SPAIN-PORTUGAL;;;;
11851;3886;impassable;-1;-1;-1;-1;-1;;SPAIN-PORTUGAL;;;;
11851;3846;impassable;-1;-1;-1;-1;-1;;SPAIN-PORTUGAL;;;;
11851;9819;impassable;-1;-1;-1;-1;-1;;SPAIN-PORTUGAL;;;;
3940;9819;impassable;-1;-1;-1;-1;-1;;SPAIN-PORTUGAL;;;;
3940;6884;impassable;-1;-1;-1;-1;-1;;SPAIN-PORTUGAL;;;;
12070;6884;impassable;-1;-1;-1;-1;-1;;SPAIN-PORTUGAL;;;;
9765;12070;impassable;-1;-1;-1;-1;-1;;SPAIN-PORTUGAL;;;;
6880;12070;impassable;-1;-1;-1;-1;-1;;SPAIN-PORTUGAL;;;;
6941;874;impassable;-1;-1;-1;-1;-1;;SPAIN-PORTUGAL;;;;

9853;9824;impassable;-1;-1;-1;-1;-1;;Spain-France;;;;
9853;11779;impassable;-1;-1;-1;-1;-1;;Spain-France;;;;
11779;6915;impassable;-1;-1;-1;-1;-1;;Spain-France;;;;
6915;3898;impassable;-1;-1;-1;-1;-1;;Spain-France;;;;
3898;6931;impassable;-1;-1;-1;-1;-1;;Spain-France;;;;
3898;3915;impassable;-1;-1;-1;-1;-1;;Spain-France;;;;
3915;3899;impassable;-1;-1;-1;-1;-1;;Spain-France;;;;
9882;3899;impassable;-1;-1;-1;-1;-1;;Spain-France;;;;
9882;899;impassable;-1;-1;-1;-1;-1;;Spain-France;;;;
9882;915;impassable;-1;-1;-1;-1;-1;;Spain-France;;;;
9884;915;impassable;-1;-1;-1;-1;-1;;Spain-France;;;;
9884;11838;impassable;-1;-1;-1;-1;-1;;Spain-France;;;;
11697;11838;impassable;-1;-1;-1;-1;-1;;Spain-France;;;;
11697;3931;impassable;-1;-1;-1;-1;-1;;Spain-France;;;;
743;3931;impassable;-1;-1;-1;-1;-1;;Spain-France;;;;
743;3737;impassable;-1;-1;-1;-1;-1;;Spain-France;;;;
743;6756;impassable;-1;-1;-1;-1;-1;;Spain-France;;;;

13228;4135;impassable;-1;-1;-1;-1;-1;;SPR-GIBRALTAR;;;;
10094;4135;impassable;-1;-1;-1;-1;-1;;SPR-GIBRALTAR;;;;
7153;4135;impassable;-1;-1;-1;-1;-1;;SPR-GIBRALTAR;;;;

3761;6521;sea;;-1;-1;-1;-1;;Berlin-Madrid;;;;
6955;11666;sea;;-1;-1;-1;-1;;Vienna-Madrid;;;;

5014;1822;impassable;-1;-1;-1;-1;-1;;IRQ-PER;;;;
6826;1822;impassable;-1;-1;-1;-1;-1;;IRQ-PER;;;;
6826;4943;impassable;-1;-1;-1;-1;-1;;IRQ-PER;;;;
6826;5098;impassable;-1;-1;-1;-1;-1;;IRQ-PER;;;;
10793;5098;impassable;-1;-1;-1;-1;-1;;IRQ-PER;;;;
12855;5098;impassable;-1;-1;-1;-1;-1;;IRQ-PER;;;;
12855;829;impassable;-1;-1;-1;-1;-1;;IRQ-PER;;;;
78;829;impassable;-1;-1;-1;-1;-1;;IRQ-PER;;;;
78;10774;impassable;-1;-1;-1;-1;-1;;IRQ-PER;;;;
78;7953;impassable;-1;-1;-1;-1;-1;;IRQ-PER;;;;
12726;7953;impassable;-1;-1;-1;-1;-1;;IRQ-PER;;;;
2089;7953;impassable;-1;-1;-1;-1;-1;;IRQ-PER;;;;
2089;5005;impassable;-1;-1;-1;-1;-1;;IRQ-PER;;;;

5102;12789;impassable;-1;-1;-1;-1;-1;;CHINA-JAP;;;;
4407;12789;impassable;-1;-1;-1;-1;-1;;CHINA-JAP;;;;
12724;12789;impassable;-1;-1;-1;-1;-1;;CHINA-JAP;;;;
12724;8126;impassable;-1;-1;-1;-1;-1;;CHINA-JAP;;;;
1999;8126;impassable;-1;-1;-1;-1;-1;;CHINA-JAP;;;;
1999;4937;impassable;-1;-1;-1;-1;-1;;CHINA-JAP;;;;
10726;4937;impassable;-1;-1;-1;-1;-1;;CHINA-JAP;;;;
7294;4559;impassable;-1;-1;-1;-1;-1;;CHINA-JAP;;;;
7294;1319;impassable;-1;-1;-1;-1;-1;;CHINA-JAP;;;;
7294;12841;impassable;-1;-1;-1;-1;-1;;CHINA-JAP;;;;
2067;5072;impassable;-1;-1;-1;-1;-1;;CHINA-JAP;;;;
12819;5072;impassable;-1;-1;-1;-1;-1;;CHINA-JAP;;;;
11972;5072;impassable;-1;-1;-1;-1;-1;;CHINA-JAP;;;;
11972;10763;impassable;-1;-1;-1;-1;-1;;CHINA-JAP;;;;
11972;4325;impassable;-1;-1;-1;-1;-1;;CHINA-JAP;;;;
11972;1010;impassable;-1;-1;-1;-1;-1;;CHINA-JAP;;;;
4431;1010;impassable;-1;-1;-1;-1;-1;;CHINA-JAP;;;;
4141;1010;impassable;-1;-1;-1;-1;-1;;CHINA-JAP;;;;
4141;9939;impassable;-1;-1;-1;-1;-1;;CHINA-JAP;;;;
10304;9939;impassable;-1;-1;-1;-1;-1;;CHINA-JAP;;;;
10822;9939;impassable;-1;-1;-1;-1;-1;;CHINA-JAP;;;;
10822;1474;impassable;-1;-1;-1;-1;-1;;CHINA-JAP;;;;
10822;10006;impassable;-1;-1;-1;-1;-1;;CHINA-JAP;;;;
10822;4896;impassable;-1;-1;-1;-1;-1;;CHINA-JAP;;;;
10822;12414;impassable;-1;-1;-1;-1;-1;;CHINA-JAP;;;;
10304;12414;impassable;-1;-1;-1;-1;-1;;CHINA-JAP;;;;
4041;12414;impassable;-1;-1;-1;-1;-1;;CHINA-JAP;;;;
4041;5030;impassable;-1;-1;-1;-1;-1;;CHINA-JAP;;;;
7948;5030;impassable;-1;-1;-1;-1;-1;;CHINA-JAP;;;;
7948;7596;impassable;-1;-1;-1;-1;-1;;CHINA-JAP;;;;
7948;8072;impassable;-1;-1;-1;-1;-1;;CHINA-JAP;;;;
10144;8072;impassable;-1;-1;-1;-1;-1;;CHINA-JAP;;;;
7418;8072;impassable;-1;-1;-1;-1;-1;;CHINA-JAP;;;;
7406;12408;impassable;-1;-1;-1;-1;-1;;CHINA-JAP;;;;
5092;12408;impassable;-1;-1;-1;-1;-1;;CHINA-JAP;;;;
5092;4547;impassable;-1;-1;-1;-1;-1;;CHINA-JAP;;;;
5092;1603;impassable;-1;-1;-1;-1;-1;;CHINA-JAP;;;;
5092;6932;impassable;-1;-1;-1;-1;-1;;CHINA-JAP;;;;
12713;6932;impassable;-1;-1;-1;-1;-1;;CHINA-JAP;;;;
5007;6932;impassable;-1;-1;-1;-1;-1;;CHINA-JAP;;;;
1575;6932;impassable;-1;-1;-1;-1;-1;;CHINA-JAP;;;;
1575;11931;impassable;-1;-1;-1;-1;-1;;CHINA-JAP;;;;
7571;11931;impassable;-1;-1;-1;-1;-1;;CHINA-JAP;;;;
7571;4606;impassable;-1;-1;-1;-1;-1;;CHINA-JAP;;;;
1180;4606;impassable;-1;-1;-1;-1;-1;;CHINA-JAP;;;;
1180;1139;impassable;-1;-1;-1;-1;-1;;CHINA-JAP;;;;
1180;7074;impassable;-1;-1;-1;-1;-1;;CHINA-JAP;;;;
10421;7074;impassable;-1;-1;-1;-1;-1;;CHINA-JAP;;;;
10421;4058;impassable;-1;-1;-1;-1;-1;;CHINA-JAP;;;;
4538;4058;impassable;-1;-1;-1;-1;-1;;CHINA-JAP;;;;
4538;12062;impassable;-1;-1;-1;-1;-1;;CHINA-JAP;;;;
12078;12062;impassable;-1;-1;-1;-1;-1;;CHINA-JAP;;;;
12078;4093;impassable;-1;-1;-1;-1;-1;;CHINA-JAP;;;;
12078;10053;impassable;-1;-1;-1;-1;-1;;CHINA-JAP;;;;
1203;10053;impassable;-1;-1;-1;-1;-1;;CHINA-JAP;;;;
1027;10053;impassable;-1;-1;-1;-1;-1;;CHINA-JAP;;;;
1027;4208;impassable;-1;-1;-1;-1;-1;;CHINA-JAP;;;;
10480;4208;impassable;-1;-1;-1;-1;-1;;CHINA-JAP;;;;
10480;6828;impassable;-1;-1;-1;-1;-1;;CHINA-JAP;;;;
10480;1137;impassable;-1;-1;-1;-1;-1;;CHINA-JAP;;;;
10480;1590;impassable;-1;-1;-1;-1;-1;;CHINA-JAP;;;;
12432;1590;impassable;-1;-1;-1;-1;-1;;CHINA-JAP;;;;
7158;1590;impassable;-1;-1;-1;-1;-1;;CHINA-JAP;;;;
7158;828;impassable;-1;-1;-1;-1;-1;;CHINA-JAP;;;;
12403;828;impassable;-1;-1;-1;-1;-1;;CHINA-JAP;;;;
12403;7545;impassable;-1;-1;-1;-1;-1;;CHINA-JAP;;;;
7048;7545;impassable;-1;-1;-1;-1;-1;;CHINA-JAP;;;;
7048;4612;impassable;-1;-1;-1;-1;-1;;CHINA-JAP;;;;
12331;4612;impassable;-1;-1;-1;-1;-1;;CHINA-JAP;;;;
12331;12448;impassable;-1;-1;-1;-1;-1;;CHINA-JAP;;;;
12408;7418;impassable;-1;-1;-1;-1;-1;;CHINA-JAP;;;;
10726;4559;impassable;-1;-1;-1;-1;-1;;CHINA-JAP;;;;
5072;7294;impassable;-1;-1;-1;-1;-1;;CHINA-JAP;;;;

5087;10821;impassable;-1;-1;-1;-1;-1;;CHINA-RAJ;;;;
1970;10821;impassable;-1;-1;-1;-1;-1;;CHINA-RAJ;;;;
1970;5042;impassable;-1;-1;-1;-1;-1;;CHINA-RAJ;;;;
8112;5042;impassable;-1;-1;-1;-1;-1;;CHINA-RAJ;;;;
4973;5042;impassable;-1;-1;-1;-1;-1;;CHINA-RAJ;;;;

4923;1766;impassable;-1;-1;-1;-1;-1;;CHINA-SOV;;;;
1840;1703;impassable;-1;-1;-1;-1;-1;;CHINA-SOV;;;;
1840;12526;impassable;-1;-1;-1;-1;-1;;CHINA-SOV;;;;
4845;12526;impassable;-1;-1;-1;-1;-1;;CHINA-SOV;;;;
4845;12601;impassable;-1;-1;-1;-1;-1;;CHINA-SOV;;;;
10619;12601;impassable;-1;-1;-1;-1;-1;;CHINA-SOV;;;;
12529;12601;impassable;-1;-1;-1;-1;-1;;CHINA-SOV;;;;
7866;12601;impassable;-1;-1;-1;-1;-1;;CHINA-SOV;;;;
7866;7850;impassable;-1;-1;-1;-1;-1;;CHINA-SOV;;;;
1783;7850;impassable;-1;-1;-1;-1;-1;;CHINA-SOV;;;;
10674;4709;impassable;-1;-1;-1;-1;-1;;CHINA-SOV;;;;
10674;12656;impassable;-1;-1;-1;-1;-1;;CHINA-SOV;;;;
4788;12656;impassable;-1;-1;-1;-1;-1;;CHINA-SOV;;;;
4788;10839;impassable;-1;-1;-1;-1;-1;;CHINA-SOV;;;;
4788;12671;impassable;-1;-1;-1;-1;-1;;CHINA-SOV;;;;
7737;12671;impassable;-1;-1;-1;-1;-1;;CHINA-SOV;;;;
7808;12671;impassable;-1;-1;-1;-1;-1;;CHINA-SOV;;;;
7808;12598;impassable;-1;-1;-1;-1;-1;;CHINA-SOV;;;;
1855;12598;impassable;-1;-1;-1;-1;-1;;CHINA-SOV;;;;
10560;12598;impassable;-1;-1;-1;-1;-1;;CHINA-SOV;;;;
10560;4843;impassable;-1;-1;-1;-1;-1;;CHINA-SOV;;;;
1781;4843;impassable;-1;-1;-1;-1;-1;;CHINA-SOV;;;;
1781;1778;impassable;-1;-1;-1;-1;-1;;CHINA-SOV;;;;
1781;7727;impassable;-1;-1;-1;-1;-1;;CHINA-SOV;;;;
4786;7727;impassable;-1;-1;-1;-1;-1;;CHINA-SOV;;;;
4786;4783;impassable;-1;-1;-1;-1;-1;;CHINA-SOV;;;;
10689;4783;impassable;-1;-1;-1;-1;-1;;CHINA-SOV;;;;
10689;10899;impassable;-1;-1;-1;-1;-1;;CHINA-SOV;;;;
10558;10899;impassable;-1;-1;-1;-1;-1;;CHINA-SOV;;;;
10558;7803;impassable;-1;-1;-1;-1;-1;;CHINA-SOV;;;;
10558;12880;impassable;-1;-1;-1;-1;-1;;CHINA-SOV;;;;
12539;12880;impassable;-1;-1;-1;-1;-1;;CHINA-SOV;;;;
12539;10629;impassable;-1;-1;-1;-1;-1;;CHINA-SOV;;;;
1853;10629;impassable;-1;-1;-1;-1;-1;;CHINA-SOV;;;;
1853;12609;impassable;-1;-1;-1;-1;-1;;CHINA-SOV;;;;
1723;12609;impassable;-1;-1;-1;-1;-1;;CHINA-SOV;;;;
1723;12331;impassable;-1;-1;-1;-1;-1;;CHINA-SOV;;;;
4655;12331;impassable;-1;-1;-1;-1;-1;;CHINA-SOV;;;;

6061;6092;impassable;-1;-1;-1;-1;-1;;FIN-NOR;;;;
6061;9064;impassable;-1;-1;-1;-1;-1;;FIN-NOR;;;;
6061;11104;impassable;-1;-1;-1;-1;-1;;FIN-NOR;;;;
3069;11104;impassable;-1;-1;-1;-1;-1;;FIN-NOR;;;;
3069;9128;impassable;-1;-1;-1;-1;-1;;FIN-NOR;;;;
167;9128;impassable;-1;-1;-1;-1;-1;;FIN-NOR;;;;
167;11169;impassable;-1;-1;-1;-1;-1;;FIN-NOR;;;;
203;11169;impassable;-1;-1;-1;-1;-1;;FIN-NOR;;;;
203;9191;impassable;-1;-1;-1;-1;-1;;FIN-NOR;;;;
11130;9191;impassable;-1;-1;-1;-1;-1;;FIN-NOR;;;;
11130;9191;impassable;-1;-1;-1;-1;-1;;FIN-NOR;;;;
11130;6107;impassable;-1;-1;-1;-1;-1;;FIN-NOR;;;;
11130;3058;impassable;-1;-1;-1;-1;-1;;FIN-NOR;;;;
11130;3082;impassable;-1;-1;-1;-1;-1;;FIN-NOR;;;;

6183;9116;impassable;-1;-1;-1;-1;-1;;FIN-SOV;;;;
9116;11142;impassable;-1;-1;-1;-1;-1;;FIN-SOV;;;;
9116;9140;impassable;-1;-1;-1;-1;-1;;FIN-SOV;;;;
3097;6092;impassable;-1;-1;-1;-1;-1;;FIN-SOV;;;;
3097;9116;impassable;-1;-1;-1;-1;-1;;FIN-SOV;;;;
3097;6183;impassable;-1;-1;-1;-1;-1;;FIN-SOV;;;;
3158;6183;impassable;-1;-1;-1;-1;-1;;FIN-SOV;;;;
6128;6183;impassable;-1;-1;-1;-1;-1;;FIN-SOV;;;;
6128;11085;impassable;-1;-1;-1;-1;-1;;FIN-SOV;;;;
6128;74;impassable;-1;-1;-1;-1;-1;;FIN-SOV;;;;
11030;11085;impassable;-1;-1;-1;-1;-1;;FIN-SOV;;;;
11030;197;impassable;-1;-1;-1;-1;-1;;FIN-SOV;;;;
3156;197;impassable;-1;-1;-1;-1;-1;;FIN-SOV;;;;
3156;9158;impassable;-1;-1;-1;-1;-1;;FIN-SOV;;;;
6045;9158;impassable;-1;-1;-1;-1;-1;;FIN-SOV;;;;
6045;9074;impassable;-1;-1;-1;-1;-1;;FIN-SOV;;;;
3073;9074;impassable;-1;-1;-1;-1;-1;;FIN-SOV;;;;
3073;6175;impassable;-1;-1;-1;-1;-1;;FIN-SOV;;;;
6134;6175;impassable;-1;-1;-1;-1;-1;;FIN-SOV;;;;
7;6175;impassable;-1;-1;-1;-1;-1;;FIN-SOV;;;;
7;6098;impassable;-1;-1;-1;-1;-1;;FIN-SOV;;;;
7;80;impassable;-1;-1;-1;-1;-1;;FIN-SOV;;;;
3185;80;impassable;-1;-1;-1;-1;-1;;FIN-SOV;;;;
6210;80;impassable;-1;-1;-1;-1;-1;;FIN-SOV;;;;
6210;2998;impassable;-1;-1;-1;-1;-1;;FIN-SOV;;;;
6210;11156;impassable;-1;-1;-1;-1;-1;;FIN-SOV;;;;
9181;11156;impassable;-1;-1;-1;-1;-1;;FIN-SOV;;;;
9181;11046;impassable;-1;-1;-1;-1;-1;;FIN-SOV;;;;
9181;3133;impassable;-1;-1;-1;-1;-1;;FIN-SOV;;;;
3030;3133;impassable;-1;-1;-1;-1;-1;;FIN-SOV;;;;
3030;3187;impassable;-1;-1;-1;-1;-1;;FIN-SOV;;;;
139;3187;impassable;-1;-1;-1;-1;-1;;FIN-SOV;;;;
139;6150;impassable;-1;-1;-1;-1;-1;;FIN-SOV;;;;
139;3050;impassable;-1;-1;-1;-1;-1;;FIN-SOV;;;;
52;3050;impassable;-1;-1;-1;-1;-1;;FIN-SOV;;;;
52;11162;impassable;-1;-1;-1;-1;-1;;FIN-SOV;;;;
6082;11162;impassable;-1;-1;-1;-1;-1;;FIN-SOV;;;;
6082;9206;impassable;-1;-1;-1;-1;-1;;FIN-SOV;;;;
6186;9206;impassable;-1;-1;-1;-1;-1;;FIN-SOV;;;;

12251;10321;sea;8313;-1;-1;-1;-1;;Andaman
7413;1419;sea;5294;-1;-1;-1;-1;;Moluccas
10141;1419;sea;5267;-1;-1;-1;-1;;Moluccas
480;9431;sea;8621;-1;-1;-1;-1;;Netherlands outlier
8857;2284;sea;7617;1560;1009;1556;1016;PANAMA_CANAL;Panama
2729;2408;sea;6257;2949;1598;2962;1612;KIEL_CANAL;Kiel
5388;803;sea;1155;-1;-1;-1;-1;SUEZ_CANAL;Suez
299;211;sea;2282;-1;-1;-1;-1;;Småland-Öland
6345;6287;sea;2382;-1;-1;-1;-1;;Skåne-Sjaelland
3260;3325;sea;2408;-1;-1;-1;-1;;Sjaelland-Fyn
3374;13260;sea;2408;2971;1622;2973;1620;;SdFyn-Langeland
13260;13261;sea;2408;2975;1619;2977;1618;;Langeland-Lolland
13261;3305;sea;2408;2987;1617;2989;1619;;Lolland-Själland
3277;3325;sea;2408;-1;-1;-1;-1;;Fyn-Jylland
3325;13259;sea;2408;-1;-1;-1;-1;;Fyn-Samsö
6364;13259;sea;2408;2965;1642;2968;1641;;Jylland-Samsö
11251;13258;sea;2408;2954;1621;2956;1621;;Sönderjylland-Als
11251;3325;sea;2408;2956;1628;2960;1629;;Fyn-SdrJylland
9388;13257;sea;2358;3010;1608;3012;1609;;Stralsund-Rügen
83;185;sea;1885;-1;-1;-1;-1;;Estonia-Ösel
185;6201;sea;1885;-1;-1;-1;-1;;Ösel-Dagö
83;6201;sea;1660;-1;-1;-1;-1;;Dagö-Estonia
6891;3838;sea;5579;-1;-1;-1;-1;;Sardinia-Corsica
9990;4159;sea;5681;-1;-1;-1;-1;;Calabria-Sicily
9793;9845;sea;8871;-1;-1;-1;-1;;Menorca-Mallorca
12299;12113;sea;5539;-1;-1;-1;-1;;Singapore-Batam
7396;1401;sea;5615;-1;-1;-1;-1;;Bangka Belitung-Sumatra
1342;10279;sea;2737;-1;-1;-1;-1;;Java-Sumatra
7396;4211;sea;4225;-1;-1;-1;-1;;Bangka-Belitung
7290;13412;sea;9081;-1;-1;-1;-1;;NZ Samoa 
1460;12126;sea;812;-1;-1;-1;-1;;Tanahbala-Sumatra
12126;1428;sea;812;-1;-1;-1;-1;;Tanahbala-Siberut
12126;13397;sea;812;-1;-1;-1;-1;;Tanahbala-Other Island 
4306;4608;sea;5666;-1;-1;-1;-1;;Soerbaja-Madura
7654;4273;sea;2239;-1;-1;-1;-1;;Java-Bali
7293;13386;sea;2239;-1;-1;-1;-1;;Bali-Lombok
7293;13388;sea;2239;-1;-1;-1;-1;;Lombok-W.Nusa Tenggara
13391;1298;sea;2124;-1;-1;-1;-1;;West Nusa Tenggara-East Nusa Tenggara
13393;10219;sea;5414;-1;-1;-1;-1;;East Nusa Tenggara-Pulau Alor
13393;12151;sea;5414;-1;-1;-1;-1;;East Nusa Tenggara-Pulau Alor 2 
13394;10219;sea;5414;-1;-1;-1;-1;;East Nusa Tenggara-Pulau Alor 3 
12444;10222;sea;5515;-1;-1;-1;-1;;Sulawesi-Pulau Buton
1293;4269;sea;8751;-1;-1;-1;-1;;Surigao-Leyte
1311;4228;sea;2856;-1;-1;-1;-1;;San Bernardino Strait
4288;1221;sea;2876;-1;-1;-1;-1;;Mindoro-Batangas
4228;7307;sea;2876;-1;-1;-1;-1;;Ticao Pass
10302;1261;sea;2876;-1;-1;-1;-1;;Panay-Negros
10186;12153;sea;8751;-1;-1;-1;-1;;Negros-Cebu
7385;12153;sea;8751;-1;-1;-1;-1;;Bohol-Cebu
7557;1574;sea;5390;-1;-1;-1;-1;;Buru-Seram
7557;7369;sea;4899;-1;-1;-1;-1;;Buru-Taliabu
10342;1437;sea;4899;-1;-1;-1;-1;;Obi-Bacan
7413;1437;sea;4899;-1;-1;-1;-1;;Halmahera-Bacan
4509;7542;sea;2585;-1;-1;-1;-1;;Papua-Japen
10251;1329;sea;430;5112;550;5122;559;;Papua-New Britain
7251;4421;sea;7010;-1;-1;-1;-1;;New Britain-Latangai
13021;13022;sea;8673;-1;-1;-1;-1;;Gilbert Islands
4268;4231;sea;5741;-1;-1;-1;-1;;New Caledonia 1
1237;12120;sea;5660;-1;-1;-1;-1;;New Caledonia 2
12632;1814;sea;5637;-1;-1;-1;-1;;North-South NZ Islands
10231;10248;sea;430;-1;-1;-1;-1;;New Guinea-Fergusson
12246;10288;sea;5513;-1;-1;-1;-1;;Cobourg-Australia
1042;7437;sea;6819;-1;-1;-1;-1;;San Cristobal-Guadalcanal
4292;10319;sea;5868;-1;-1;-1;-1;;Guadalcanal-Munda
10319;12265;sea;5868;-1;-1;-1;-1;;Munda-Choiseul
12265;4252;sea;5868;-1;-1;-1;-1;;Choiseul-Santa Isabel
4252;1085;sea;5868;-1;-1;-1;-1;;Santa Isabel-Malaita
1085;10291;sea;5868;-1;-1;-1;-1;;Malaita-Guadalcanal
1742;7868;sea;2510;-1;-1;-1;-1;;Sakhalin-Siberia
12661;7884;sea;8538;-1;-1;-1;-1;;Kodiak-Alaska
11985;1025;sea;7932;-1;-1;-1;-1;;Japan-Kyushu
4094;7212;sea;8791;-1;-1;-1;-1;;Shikoku-Chugoku
9965;7072;sea;8791;-1;-1;-1;-1;;Shikoku-Kansai
1399;1515;sea;220;-1;-1;-1;-1;;Kurils 1
1515;13037;sea;5614;-1;-1;-1;-1;;Kurils 2
13037;4646;sea;4465;-1;-1;-1;-1;;Kurils-Hokkaido
9952;1117;sea;2658;-1;-1;-1;-1;;Niigata-Sado
10092;7046;sea;8791;-1;-1;-1;-1;;Kyushu-Shikoku
4198;12032;sea;8472;-1;-1;-1;-1;;Kanoya-Yokushima
11948;1177;sea;2708;-1;-1;-1;-1;;Jeju-Korea
10124;1123;sea;8499;-1;-1;-1;-1;;Okinawa 1
1123;7115;sea;8318;-1;-1;-1;-1;;Okinawa 2
3995;13024;sea;2855;-1;-1;-1;-1;;Saipan-Tinian
1135;13090;sea;6471;-1;-1;-1;-1;;Amlia-Unalaska
13090;10694;sea;6064;-1;-1;-1;-1;;Unalaska-Unimak
10048;7195;sea;8384;-1;-1;-1;-1;;Hawaii-Maui
7195;4180;sea;8410;-1;-1;-1;-1;;Maui-Honolulu
4180;7112;sea;5339;-1;-1;-1;-1;;Honolulu-Kauai
12148;10188;sea;8660;-1;-1;-1;-1;;Tahiti-Raiatea
7290;13080;sea;9081;-1;-1;-1;-1;;Samoan Islands
4286;12159;sea;8289;-1;-1;-1;-1;;Fiji-Sanua Levu
13055;13056;sea;8419;-1;-1;-1;-1;;Nukufetau-Funafuti
13056;13057;sea;8419;-1;-1;-1;-1;;Funafuti-Nukulaelae
13027;13028;sea;2735;-1;-1;-1;-1;;Ngulu-Yap
13029;13028;sea;2735;-1;-1;-1;-1;;Ulithi-Yap
2489;13033;sea;7918;-1;-1;-1;-1;;Truk-Hall Islands
13041;13044;sea;7287;-1;-1;-1;-1;;Carolines 1
13042;13043;sea;2414;-1;-1;-1;-1;;Carolines 2
10276;7669;sea;5263;-1;-1;-1;-1;;Tiwi-Darwin
12910;7567;sea;5771;-1;-1;-1;-1;;Adelaide-Kangaroo Island
4526;153;sea;2571;-1;-1;-1;-1;;Curacao-Zulia
10767;3284;sea;2597;-1;-1;-1;-1;;Miranda-Trinidad
13012;3284;sea;2597;-1;-1;-1;-1;;Tobago-Trinidad
11106;379;sea;5533;-1;-1;-1;-1;;Grenada-St Vincent
379;11350;sea;5533;-1;-1;-1;-1;;St Vincent-Barbados
379;13009;sea;5533;-1;-1;-1;-1;;St Vincent-St Lucia
13009;177;sea;5533;-1;-1;-1;-1;;St Lucia-Martinique
177;7123;sea;5533;-1;-1;-1;-1;;Martinique-Dominica
7123;9377;sea;5533;-1;-1;-1;-1;;Dominica-Guadeloupe
9377;4450;sea;2887;-1;-1;-1;-1;;Guadeloupe-Montserrat
4450;13084;sea;2887;-1;-1;-1;-1;;Montserrat-Anguilla
13084;4155;sea;5507;-1;-1;-1;-1;;Anguilla-Virgin Islands
1440;4155;sea;5507;-1;-1;-1;-1;;Puerto Rico-Virgin Islands
10203;9805;sea;5864;-1;-1;-1;-1;;Corfu-Epirus
1106;12001;sea;5913;-1;-1;-1;-1;;Lefkada-Epirus
3401;7127;sea;6801;-1;-1;-1;-1;;Cyclades-Greece
8435;6864;sea;7452;-1;-1;-1;-1;;Lesbos-Turkey
6550;4112;sea;7226;-1;-1;-1;-1;;Chios-Turkey
7003;9941;sea;7226;-1;-1;-1;-1;;Kos-Bodrum
10007;10122;sea;7226;-1;-1;-1;-1;;Rhodes-Turkey
9833;11829;sea;5412;-1;-1;-1;-1;;Bosphorus
9680;6741;sea;8282;-1;-1;-1;-1;;Kerch Strait
9859;3962;sea;5946;-1;-1;-1;-1;;Tsugaru Strait
10011;7110;sea;2708;4825;1219;-1;-1;;Tushima-Kyushu
4160;1070;sea;5244;-1;-1;-1;-1;;Hainan-Strait
1712;12147;sea;8978;-1;-1;-1;-1;;Quebec-Strait
3691;7813;sea;6261;-1;-1;-1;-1;;Cold Ass-Strait
7259;1393;sea;5257;-1;-1;-1;-1;;Vancouver-Strait
11047;198;sea;8370;-1;-1;-1;-1;;Barents-Strait
11157;3145;sea;5792;-1;-1;-1;-1;;Northern-Straits
11090;91;sea;5792;-1;-1;-1;-1;;Northern-Straits
44;11050;sea;5792;-1;-1;-1;-1;;Northern-Straits
22;3016;sea;5792;-1;-1;-1;-1;;Northern-Straits
6062;6205;sea;3590;-1;-1;-1;-1;;West Scottish-Strait
3178;13269;sea;3590;-1;-1;-1;-1;;Isle of Skye
13270;11064;sea;3195;-1;-1;-1;-1;;Orkney-Thurso
8435;6550;sea;7452;-1;-1;-1;-1;;Aegan Isle-Strait
7304;4360;sea;8614;-1;-1;-1;-1;;New Foundland-Strait
5407;5382;;-1;-1;-1;-1;-1;GIBRALTAR_STRAIT;Gibraltar North
5407;2400;;-1;-1;-1;-1;-1;GIBRALTAR_STRAIT;Gibraltar South
2455;2431;;-1;-1;-1;-1;-1;DANISH_BELTS_STRAIT;Øresund
5412;7678;;-1;-1;-1;-1;-1;BOSPHORUS_STRAIT;Bosphorus
7452;7678;;-1;-1;-1;-1;-1;DARDANELLES_STRAIT;Dardanelles
2919;2943;;-1;-1;-1;-1;-1;HORMUZ_STRAIT;hormuz
10825;1991;impassable;-1;-1;-1;-1;-1;;Himalayas
10825;8029;impassable;-1;-1;-1;-1;-1;;Himalayas
10910;1991;impassable;-1;-1;-1;-1;-1;;Himalayas
10910;12807;impassable;-1;-1;-1;-1;-1;;Himalayas
12730;2098;impassable;-1;-1;-1;-1;-1;;Himalayas
12730;5018;impassable;-1;-1;-1;-1;-1;;Himalayas
1996;5018;impassable;-1;-1;-1;-1;-1;;Himalayas
1996;8041;impassable;-1;-1;-1;-1;-1;;Himalayas
1996;5102;impassable;-1;-1;-1;-1;-1;;Himalayas
4318;5102;impassable;-1;-1;-1;-1;-1;;Himalayas
1898;8029;impassable;-1;-1;-1;-1;-1;;Himalayas
1898;1961;impassable;-1;-1;-1;-1;-1;;Himalayas
3989;1961;impassable;-1;-1;-1;-1;-1;;Himalayas
1129;1961;impassable;-1;-1;-1;-1;-1;;Himalayas
2098;12860;impassable;-1;-1;-1;-1;-1;;Himalayas
4558;10826;impassable;-1;-1;-1;-1;-1;;peshawar mountains
4558;12653;impassable;-1;-1;-1;-1;-1;;peshawar mountains
4558;7519;impassable;-1;-1;-1;-1;-1;;peshawar mountains
12763;10826;impassable;-1;-1;-1;-1;-1;;peshawar mountains
2084;7519;impassable;-1;-1;-1;-1;-1;;peshawar mountains
10821;7519;impassable;-1;-1;-1;-1;-1;;peshawar mountains
4998;12831;impassable;-1;-1;-1;-1;-1;;peshawar mountains
4998;5082;impassable;-1;-1;-1;-1;-1;;peshawar mountains
1978;5082;impassable;-1;-1;-1;-1;-1;;peshawar mountains
1978;8090;impassable;-1;-1;-1;-1;-1;;peshawar mountains
7975;8090;impassable;-1;-1;-1;-1;-1;;peshawar mountains
8044;8090;impassable;-1;-1;-1;-1;-1;;peshawar mountains
8044;5064;impassable;-1;-1;-1;-1;-1;;peshawar mountains
12805;7519;impassable;-1;-1;-1;-1;-1;;stalinabad mountains
12805;5087;impassable;-1;-1;-1;-1;-1;;stalinabad mountains
12805;1766;impassable;-1;-1;-1;-1;-1;;stalinabad mountains
10417;7519;impassable;-1;-1;-1;-1;-1;;stalinabad mountains
10417;12653;impassable;-1;-1;-1;-1;-1;;stalinabad mountains
8027;12653;impassable;-1;-1;-1;-1;-1;;stalinabad mountains
7224;12653;impassable;-1;-1;-1;-1;-1;;stalinabad mountains
7224;12314;impassable;-1;-1;-1;-1;-1;;stalinabad mountains
12218;12314;impassable;-1;-1;-1;-1;-1;;stalinabad mountains
12370;1766;impassable;-1;-1;-1;-1;-1;;pamir mountains
12370;12119;impassable;-1;-1;-1;-1;-1;;pamir mountains
5062;12119;impassable;-1;-1;-1;-1;-1;;pamir mountains
5062;4828;impassable;-1;-1;-1;-1;-1;;pamir mountains
4768;4828;impassable;-1;-1;-1;-1;-1;;pamir mountains
4391;4828;impassable;-1;-1;-1;-1;-1;;pamir mountains
4391;1703;impassable;-1;-1;-1;-1;-1;;pamir mountains
4391;12526;impassable;-1;-1;-1;-1;-1;;pamir mountains
611;3612;impassable;-1;-1;-1;-1;-1;;western alps
11570;3612;impassable;-1;-1;-1;-1;-1;;western alps
11570;9587;impassable;-1;-1;-1;-1;-1;;western alps
6635;9587;impassable;-1;-1;-1;-1;-1;;western alps
3641;11601;impassable;-1;-1;-1;-1;-1;;central alps
3641;658;impassable;-1;-1;-1;-1;-1;;central alps
6661;3662;impassable;-1;-1;-1;-1;-1;;eastern alps
3662;11587;impassable;-1;-1;-1;-1;-1;;eastern alps
11587;3660;impassable;-1;-1;-1;-1;-1;;eastern alps
3660;6675;impassable;-1;-1;-1;-1;-1;;eastern alps
6675;9633;impassable;-1;-1;-1;-1;-1;;eastern alps
9633;9630;impassable;-1;-1;-1;-1;-1;;eastern alps
9630;11618;impassable;-1;-1;-1;-1;-1;;eastern alps
671;11634;impassable;-1;-1;-1;-1;-1;;austrian alps
671;3675;impassable;-1;-1;-1;-1;-1;;austrian alps
3675;668;impassable;-1;-1;-1;-1;-1;;austrian alps
3674;3675;impassable;-1;-1;-1;-1;-1;;austrian alps
3674;6691;impassable;-1;-1;-1;-1;-1;;austrian alps
6691;6687;impassable;-1;-1;-1;-1;-1;;austrian alps
6691;9650;impassable;-1;-1;-1;-1;-1;;austrian alps
9650;3684;impassable;-1;-1;-1;-1;-1;;austrian alps
3314;6336;sea;2752;2885;1578;2890;1581;;Afsluitdijk
13058;10245;impassable;-1;-1;-1;-1;-1;;Greenland Glacier
13058;12512;impassable;-1;-1;-1;-1;-1;;Greenland Glacier
13058;10636;impassable;-1;-1;-1;-1;-1;;Greenland Glacier
13058;13066;impassable;-1;-1;-1;-1;-1;;Greenland Glacier
12960;13292;sea;2580;-1;-1;-1;-1;;Falklands
7683;13293;sea;8642;-1;-1;-1;-1;;Cote Nord
8198;13295;sea;5473;-1;-1;-1;-1;;Aysen
13307;13296;sea;9009;-1;-1;-1;-1;;Chubut
12954;13297;sea;5424;-1;-1;-1;-1;;Araucania
13312;7982;sea;2919;-1;-1;-1;-1;;South Iran
761;13315;sea;9092;-1;-1;-1;-1;;Ontario
13196;13314;sea;9092;-1;-1;-1;-1;;Northern Quebec
8053;10476;impassable;-1;-1;-1;-1;-1;;Paropamisus Mountains
12788;10476;impassable;-1;-1;-1;-1;-1;;Paropamisus Mountains
12788;10896;impassable;-1;-1;-1;-1;-1;;Paropamisus Mountains
1995;10896;impassable;-1;-1;-1;-1;-1;;Paropamisus Mountains
10852;7584;impassable;-1;-1;-1;-1;-1;;North Afghanistan
10852;12248;impassable;-1;-1;-1;-1;-1;;North Afghanistan
12877;7584;impassable;-1;-1;-1;-1;-1;;North Afghanistan
10781;12248;impassable;-1;-1;-1;-1;-1;;North Afghanistan
10781;12314;impassable;-1;-1;-1;-1;-1;;North Afghanistan
10789;7916;impassable;-1;-1;-1;-1;-1;;South Afghanistan
10789;1995;impassable;-1;-1;-1;-1;-1;;South Afghanistan
10789;2078;impassable;-1;-1;-1;-1;-1;;South Afghanistan
5064;2078;impassable;-1;-1;-1;-1;-1;;South Afghanistan
1421;10184;sea;2899;-1;-1;-1;-1;;Sulu-Mindanao
12118;1224;sea;8751;-1;-1;-1;-1;;Cebu-Samar
5864;5838;;-1;-1;-1;-1;-1;OTRANTO_STRAIT;Otranto Strait
7333;4346;impassable;-1;-1;-1;-1;-1;;Kokoda Track
7333;12995;impassable;-1;-1;-1;-1;-1;;Kokoda Track
7333;7378;impassable;-1;-1;-1;-1;-1;;Kokoda Track
10231;12995;impassable;-1;-1;-1;-1;-1;;Kokoda Track
13401;13396;sea;436;-1;-1;-1;-1;;Aceh-Islands
1428;13395;sea;812;-1;-1;-1;-1;;Padang-Islands
-1;-1;;-1;-1;-1;-1;-1;-1 
#Start province ID;End province ID;Adjacency type;Through province ID;Starting X position;Starting Y position;Ending X position;Ending Y position;Adjacency rule;Comment


